"scenario","val","lower","upper","group","inter"
2,0.0139784212964856,-2.3638942156878e-05,0.0280798678842054,"All staff","Contact precaution"
4,-0.000982175453129147,-0.0151519517173312,0.0125763717689049,"All staff","Contact precaution"
6,0.0434687523134774,0.0288183184377902,0.0576551421753597,"All staff","Contact precaution"
