"scenario","val","lower","upper","group","inter"
2,0.0273185374198657,0.0185176824817836,0.0365220591689799,"Care assistants","Contact precaution"
4,0.0344343927781268,0.025354811414391,0.0425322538525944,"Care assistants","Contact precaution"
6,0.0296244839041038,0.0207371831835379,0.0386745497728154,"Care assistants","Contact precaution"
8,0.0378820722124977,0.0285983127510596,0.0462382490168741,"Care assistants","Contact precaution"
10,0.0230097449084726,0.0142722762503573,0.031805541915065,"Care assistants","Contact precaution"
