"scenario","val","lower","upper","group","inter"
2,0.0656257998306819,0.0564782962515108,0.0745616011744633,"All staff","Contact precaution"
4,0.110788294022476,0.102277927085679,0.118938990392325,"All staff","Contact precaution"
6,0.130002659229218,0.121859261503268,0.13808002895719,"All staff","Contact precaution"
8,0.134905523330197,0.126860057426974,0.142927740726701,"All staff","Contact precaution"
10,0.136021320619905,0.127835892144029,0.144148389389843,"All staff","Contact precaution"
