"scenario","val","lower","upper","group","inter"
2,0.0312435396860951,0.018698279921746,0.0424640314410769,"Patients","Contact precaution"
4,0.0872667926375864,0.0757852899020465,0.0995529882114628,"Patients","Contact precaution"
6,0.0750041126085377,0.063622368888137,0.0864191596872222,"Patients","Contact precaution"
8,0.093735298066475,0.081280092427846,0.104691852627764,"Patients","Contact precaution"
10,0.133335152918578,0.116684527910012,0.150025081565712,"Patients","Contact precaution"
