"scenario","val","lower","upper","group","inter"
2,0.000482297586639884,-0.0087647248141618,0.0103715237851326,"Patients","Contact precaution"
4,0.0548063771079393,0.0452120523597468,0.0644207416493105,"Patients","Contact precaution"
6,0.0643152783416985,0.0548212640835502,0.0738365618379302,"Patients","Contact precaution"
8,0.0614067150057983,0.0518889131564847,0.0708044531894479,"Patients","Contact precaution"
10,0.070572314466024,0.0607047175534968,0.0801548835124424,"Patients","Contact precaution"
