"scenario","val","lower","upper","group","inter"
2,0.0607880362589738,0.0521520999898925,0.0691780105032625,"Patients","Contact precaution"
4,0.130094965191772,0.121652081843252,0.138435595711017,"Patients","Contact precaution"
6,0.136096941785415,0.128145391574329,0.143786318260762,"Patients","Contact precaution"
8,0.158163834371034,0.150325986858268,0.165608019505713,"Patients","Contact precaution"
10,0.176724224791519,0.169299301617697,0.183898290014332,"Patients","Contact precaution"
