"scenario","val","lower","upper","group","inter"
2,0.0191817757967438,0.0048233804450639,0.0341225582447991,"Patients","Contact precaution"
4,0.0324220665412108,0.0167017747211157,0.0481137565279338,"Patients","Contact precaution"
6,0.050022835992088,0.0338351592501936,0.0666084392272378,"Patients","Contact precaution"
8,0.0403555495516933,0.0238361106376593,0.0559050306331772,"Patients","Contact precaution"
10,0.0582863043346914,0.0416714493730094,0.0741386888483267,"Patients","Contact precaution"
