"scenario","val","lower","upper","group","inter"
2,0.0147176439162925,-1.3588716864311e-05,0.0298495030980122,"Patients","Contact precaution"
4,0.0250870195496196,0.0103406968172844,0.0396540888998214,"Patients","Contact precaution"
6,0.0346323492708764,0.0196618346291748,0.0494128634268944,"Patients","Contact precaution"
