"scenario","val","lower","upper","group","inter"
2,0.0288074062936114,0.0194501315621215,0.0381917798949809,"Patients","Contact precaution"
4,0.0740331767933355,0.0647134549270792,0.0831374942995654,"Patients","Contact precaution"
6,0.0797276308523594,0.0712213147333599,0.088304280382976,"Patients","Contact precaution"
8,0.0849146361418986,0.0757399728387103,0.0939189307763296,"Patients","Contact precaution"
10,0.105320352282683,0.0969336605130516,0.113788896745041,"Patients","Contact precaution"
