"scenario","val","lower","upper","group","inter"
2,0.0279938153501755,0.0190783778571192,0.0371109091331211,"All staff","Contact precaution"
4,0.0664266693697464,0.0583314282583842,0.075578156748775,"All staff","Contact precaution"
6,0.0910452050603542,0.0824375556839003,0.100039232599404,"All staff","Contact precaution"
8,0.0853762943256778,0.0769335181196144,0.0937672903259263,"All staff","Contact precaution"
10,0.0764831962049283,0.0673978519630137,0.0851442813523965,"All staff","Contact precaution"
