"scenario","val","lower","upper","group","inter"
2,-0.0133255719773887,-0.0191552840335346,-0.00597823401026495,"Patients","Contact precaution"
4,0.0339771167739084,0.0277323729734833,0.0408061730972602,"Patients","Contact precaution"
6,0.0380673816357854,0.0310979230649277,0.0440718575444103,"Patients","Contact precaution"
8,0.0444357718783903,0.0384832669331159,0.0509743350187398,"Patients","Contact precaution"
10,0.0611669318231768,0.0544848731290995,0.0682083903965907,"Patients","Contact precaution"
