"scenario","val","lower","upper","group","inter"
2,0.047606669693538,0.0333313185977217,0.0625763659195015,"All staff","Contact precaution"
4,0.0681310077787037,0.0520988401734348,0.0827061879090158,"All staff","Contact precaution"
6,0.0598626035929277,0.0443946189496971,0.0749778725378145,"All staff","Contact precaution"
8,0.0937350121028653,0.0796497223612306,0.10839189001554,"All staff","Contact precaution"
10,0.0649525780753207,0.0499872869771287,0.0795110029014331,"All staff","Contact precaution"
