"scenario","val","lower","upper","group","inter"
2,0.1111772361979,0.103291235584439,0.119050535507918,"Care assistants","Contact precaution"
4,0.177083826153767,0.169936666343007,0.184045029262617,"Care assistants","Contact precaution"
6,0.202463944736681,0.195592343236922,0.209022211371957,"Care assistants","Contact precaution"
8,0.208361099695567,0.201656068255004,0.215860983951419,"Care assistants","Contact precaution"
10,0.20451488718586,0.197462274210836,0.21108497622646,"Care assistants","Contact precaution"
