"scenario","val","lower","upper","group","inter"
2,0.0310926608913699,0.0256683188056768,0.0375230008423262,"All staff","Contact precaution"
4,0.0486847985344333,0.0423440139446212,0.0543357097132586,"All staff","Contact precaution"
6,0.0596339848142131,0.0540175234515494,0.0653195444907803,"All staff","Contact precaution"
8,0.0625467767723952,0.0566608665880314,0.0681989919099401,"All staff","Contact precaution"
10,0.081446835700006,0.0758278889411084,0.0869692169142536,"All staff","Contact precaution"
