"scenario","val","lower","upper","group","inter"
2,0.0523780541020303,0.0466082170008616,0.0581699206003707,"Patients","Contact precaution"
4,0.0999448049095111,0.0943849323885604,0.105538469332062,"Patients","Contact precaution"
6,0.100705742488934,0.0949283585338998,0.106582897719862,"Patients","Contact precaution"
8,0.103416728516199,0.0974872174914092,0.109209804187635,"Patients","Contact precaution"
10,0.10315236555869,0.0974377588136719,0.109037764749204,"Patients","Contact precaution"
