"scenario","val","lower","upper","group","inter"
2,0.0481386666185407,0.0329065906670539,0.0638712454044481,"All staff","Contact precaution"
4,0.0982276117965861,0.0833477250539169,0.112540976698197,"All staff","Contact precaution"
6,0.0741217488866664,0.0598277566010228,0.0882753419713564,"All staff","Contact precaution"
8,0.0793150157236776,0.0653690788038507,0.0934263950871834,"All staff","Contact precaution"
10,0.073233494287195,0.0594900796207089,0.0871855910084238,"All staff","Contact precaution"
