"scenario","val","lower","upper","pval","group","inter"
2,0.0129237707830031,-0.00093912530511507,0.0271698664378919,0.0700273677575772,"All staff","Contact precaution"
4,0.0140112551919235,0.000451263061037173,0.0272291427140904,0.0405086299671837,"All staff","Contact precaution"
6,0.0520720685328701,0.0381102750366074,0.0660051941370796,9.2217512199807e-13,"All staff","Contact precaution"
