"scenario","val","lower","upper","group","inter"
2,0.0511315387468738,0.0425212040733663,0.0599376759139827,"Care assistants","Contact precaution"
4,0.103495075355674,0.0949169032103826,0.111390431421211,"Care assistants","Contact precaution"
6,0.111427579431874,0.103368022290712,0.119584096063247,"Care assistants","Contact precaution"
8,0.110148538074628,0.102333750495993,0.118416795211378,"Care assistants","Contact precaution"
10,0.111138460683472,0.103256307989254,0.119462389179804,"Care assistants","Contact precaution"
