"scenario","val","lower","upper","group","inter"
2,0.0203111476062349,0.0138552384242355,0.0269707043575323,"All staff","Contact precaution"
4,0.0512568073002616,0.0444789754459057,0.0576183515040637,"All staff","Contact precaution"
6,0.0529438337384599,0.0462511727903412,0.0594010529813508,"All staff","Contact precaution"
8,0.0494188198446196,0.0427265758571362,0.0556187076592007,"All staff","Contact precaution"
10,0.0563189030563773,0.0495584761735436,0.0627112063076882,"All staff","Contact precaution"
