"scenario","val","lower","upper","group","inter"
2,0.0570920416826746,0.0484593237016727,0.0659584107579287,"Care assistants","Contact precaution"
4,0.0974637434462692,0.0890908065872007,0.105818323897634,"Care assistants","Contact precaution"
6,0.0850909982650316,0.0767063072800044,0.093554658462374,"Care assistants","Contact precaution"
8,0.110551477501693,0.102270973285416,0.118522189694575,"Care assistants","Contact precaution"
10,0.140524573549126,0.133188119399374,0.148192913287216,"Care assistants","Contact precaution"
