"scenario","val","lower","upper","group","inter"
2,0.0364071192366535,0.0272101927679507,0.0444146412037821,"All staff","Contact precaution"
4,0.0440837297168615,0.0359341231692789,0.0532957870479964,"All staff","Contact precaution"
6,0.0629876934051485,0.055160237055581,0.0714006647970308,"All staff","Contact precaution"
8,0.0794431298034877,0.0710247556102434,0.0879848999941188,"All staff","Contact precaution"
10,0.0886424020306546,0.0800324626130505,0.0967796385107658,"All staff","Contact precaution"
