"scenario","val","lower","upper","group","inter"
2,-0.00245767129260337,-0.0104951081703985,0.00425629863908187,"Patients","Contact precaution"
4,0.0051788887986137,-0.00218446796640664,0.0147151036019796,"Patients","Contact precaution"
6,0.00631206626359007,-0.00123502083962562,0.0154258994938649,"Patients","Contact precaution"
8,0.0208053374455895,0.0123427296225587,0.0297645912164868,"Patients","Contact precaution"
10,-0.00215736734420056,-0.0104732964209032,0.00499087366627299,"Patients","Contact precaution"
