"scenario","val","lower","upper","group","inter"
2,0.0267356629164409,0.0178781266048873,0.035745380108813,"Patients","Contact precaution"
4,0.0765920746793241,0.0674463406427472,0.0849387442151076,"Patients","Contact precaution"
6,0.0638448797684314,0.0555200076835643,0.0722173650705544,"Patients","Contact precaution"
8,0.0982658207518713,0.0893300336408043,0.106479994498342,"Patients","Contact precaution"
10,0.0818366638577005,0.0733948989265198,0.0902205935035697,"Patients","Contact precaution"
