"scenario","val","lower","upper","group","inter"
2,0.0935139852551954,0.0849797648957554,0.101434870071883,"All staff","Contact precaution"
4,0.108551286659353,0.100775705666024,0.116605638170473,"All staff","Contact precaution"
6,0.136880841128829,0.128630928986306,0.144279347360806,"All staff","Contact precaution"
8,0.150811122612587,0.143308123007038,0.158499043356038,"All staff","Contact precaution"
10,0.168489543779282,0.16075607573678,0.176310454579744,"All staff","Contact precaution"
