"scenario","val","lower","upper","group","inter"
2,0.16152725760581,0.148991985392846,0.173688630162181,"All staff","Contact precaution"
4,0.222206095371273,0.210890229448852,0.233357450079164,"All staff","Contact precaution"
6,0.212572763428482,0.201021562570964,0.223937524212686,"All staff","Contact precaution"
