"scenario","val","lower","upper","group","inter"
2,0.0885255835894781,0.0741529972092027,0.102598135020065,"Patients","Contact precaution"
4,0.151794846856375,0.138392539563729,0.164726014026864,"Patients","Contact precaution"
6,0.166066665897951,0.15276028834389,0.178871563165408,"Patients","Contact precaution"
