"scenario","val","lower","upper","group","inter"
2,0.04393815343352,0.0357541120023121,0.0526743819191596,"Patients","Vaccination"
4,0.083748762884207,0.0753147100975098,0.0920689345015327,"Patients","Vaccination"
6,0.127226770486281,0.118888769978543,0.13540161017547,"Patients","Vaccination"
8,0.121747865682777,0.113678526611681,0.129993505064069,"Patients","Vaccination"
10,0.158922716645556,0.15112372598652,0.166693881028606,"Patients","Vaccination"
