"scenario","val","lower","upper","group","inter"
2,0.0758476742276991,0.0673634963192073,0.0843400461580896,"All staff","Vaccination"
4,0.0978994388830706,0.0893766428755036,0.106301855581312,"All staff","Vaccination"
6,0.123056335054005,0.114538528344232,0.131568737779766,"All staff","Vaccination"
8,0.171030345865851,0.162994541464804,0.179090835759088,"All staff","Vaccination"
10,0.161595020345498,0.153395230901856,0.169627853793677,"All staff","Vaccination"
