"scenario","val","lower","upper","group","inter"
2,0.0313930435824096,0.0255944998612312,0.0384583196604955,"Patients","Vaccination"
4,0.101699470171423,0.0953407145755903,0.107913491107903,"Patients","Vaccination"
6,0.117940261454887,0.111815451861118,0.123977096867298,"Patients","Vaccination"
8,0.131292007610605,0.125217711349686,0.137043902226795,"Patients","Vaccination"
10,0.130309693416718,0.12287086668061,0.137790863625063,"Patients","Vaccination"
