"scenario","val","lower","upper","group","inter"
2,-0.0205957684954037,-0.0349106483347311,-0.00629336828916732,"Patients","Vaccination"
4,-0.0116205779210521,-0.0260504578174211,0.00209141144938179,"Patients","Vaccination"
6,-0.00811327079164022,-0.0219601853058376,0.00516447206859127,"Patients","Vaccination"
