"scenario","val","lower","upper","group","inter"
2,0.0251016504258996,0.0161822118355351,0.0344474371200595,"Care assistants","Vaccination"
4,0.0466704481708551,0.0384437193270122,0.0556052097865622,"Care assistants","Vaccination"
6,0.0528814416122769,0.0437954017097269,0.0612041606574967,"Care assistants","Vaccination"
8,0.0557332238711159,0.0464391505246007,0.0642908948971181,"Care assistants","Vaccination"
10,0.0473865537418382,0.0393521768561237,0.0565327868883164,"Care assistants","Vaccination"
