"scenario","val","lower","upper","group","inter"
2,0.00363040113493362,-0.00303949185079708,0.0126509959428186,"All staff","Vaccination"
4,0.0257253698484626,0.0178635402888984,0.0351244321573575,"All staff","Vaccination"
6,0.0252750693747661,0.0166678158350607,0.0352572365281727,"All staff","Vaccination"
8,0.0256672717518838,0.0172037019410628,0.0353723362046286,"All staff","Vaccination"
10,0.0382299851241074,0.0291712631604112,0.045733256010488,"All staff","Vaccination"
