"scenario","val","lower","upper","group","inter"
2,0.107184045898922,0.0940384996218725,0.120564904903711,"All staff","Vaccination"
4,0.211861738055547,0.199471011320659,0.224455136021336,"All staff","Vaccination"
6,0.212012814942755,0.199844074756045,0.22409946103931,"All staff","Vaccination"
