"scenario","val","lower","upper","group","inter"
2,0.0091152103566045,-0.0012564098580304,0.0198675431130104,"Care assistants","Vaccination"
4,0.0352817010309269,0.0248857442408036,0.0458618208942286,"Care assistants","Vaccination"
6,0.0448499689562214,0.034500712423075,0.0548409323684405,"Care assistants","Vaccination"
8,0.0498118145404841,0.0393968794426656,0.0601910748082752,"Care assistants","Vaccination"
10,0.0652979206172039,0.0545484272016721,0.07542804360201,"Care assistants","Vaccination"
