"scenario","val","lower","upper","group","inter"
2,-0.0235871707736918,-0.0331825177804494,-0.0148957216037211,"Care assistants","Vaccination"
4,-0.00672807288140609,-0.0161279323463687,6.20821655759995e-05,"Care assistants","Vaccination"
6,-0.00800883094337568,-0.0170510525635955,-6.71829763342753e-05,"Care assistants","Vaccination"
8,0.0162079656685619,0.00738318190466139,0.0247296210443282,"Care assistants","Vaccination"
10,-0.00478674827450767,-0.0137522249655405,0.00238624840191489,"Care assistants","Vaccination"
