"scenario","val","lower","upper","group","inter"
2,0.0120000415507469,0.00311025188758466,0.0206351647718049,"Patients","Vaccination"
4,0.0184262102252092,0.00946325480848084,0.0271755920848169,"Patients","Vaccination"
6,0.0309103480362585,0.021920909669001,0.0399756375759619,"Patients","Vaccination"
8,0.0332762799807406,0.023836691588838,0.0415865559990185,"Patients","Vaccination"
10,0.0311406489472602,0.0217670719952398,0.0400743912062109,"Patients","Vaccination"
