"scenario","val","lower","upper","group","inter"
2,-0.00150777234668472,-0.00916676023734038,0.00585724553100759,"All staff","Vaccination"
4,-0.0153024884235148,-0.0238276967270897,-0.00635727475294175,"All staff","Vaccination"
6,-0.00958779100519385,-0.0190505217800617,-0.00188889389954695,"All staff","Vaccination"
8,0.00700767270957316,-3.99252124478749e-05,0.0157468938532889,"All staff","Vaccination"
10,-0.00497029428998407,-0.0137159183237098,0.00162279767020585,"All staff","Vaccination"
