"scenario","val","lower","upper","group","inter"
2,0.0692141419560225,0.0595281772952697,0.0784941478159763,"All staff","Vaccination"
4,0.126950239294101,0.117861167837932,0.136023323493037,"All staff","Vaccination"
6,0.145761235788912,0.136964530046849,0.154498253135036,"All staff","Vaccination"
8,0.121446526270298,0.111813807152759,0.130994448675441,"All staff","Vaccination"
10,0.161096951291383,0.152308858924457,0.169745996303748,"All staff","Vaccination"
