"scenario","val","lower","upper","group","inter"
2,0.0702262750140331,0.0547769725704491,0.0851794549712537,"Patients","Vaccination"
4,0.128623106145214,0.114592380220623,0.142314063701141,"Patients","Vaccination"
6,0.165049109963059,0.151420984901021,0.178222689464518,"Patients","Vaccination"
