"scenario","val","lower","upper","group","inter"
2,0.010567887920241,0.00396923371833451,0.0160631741000311,"All staff","Vaccination"
4,0.0476438472917375,0.0412457916064435,0.053345753270335,"All staff","Vaccination"
6,0.0492318704920996,0.0427031166854138,0.054968464042915,"All staff","Vaccination"
8,0.0525936419553763,0.0469438258655039,0.0583972489834338,"All staff","Vaccination"
10,0.0398487047592754,0.0340193106227893,0.0463556630160668,"All staff","Vaccination"
