"scenario","val","lower","upper","group","inter"
2,0.0415237709233895,0.0315044696493019,0.0518563326251806,"Care assistants","Vaccination"
4,0.0894148041736591,0.0797214571163686,0.0991899868319683,"Care assistants","Vaccination"
6,0.0905414412453978,0.0808407291272205,0.100182299761985,"Care assistants","Vaccination"
8,0.0907639185976528,0.0814184646067541,0.10039957566819,"Care assistants","Vaccination"
10,0.0661768988259543,0.0568628201356851,0.0760420801691244,"Care assistants","Vaccination"
