"scenario","val","lower","upper","group","inter"
2,0.00638934744817998,1.99368111412169e-05,0.0129122021966294,"All staff","Vaccination"
4,0.0430766939462335,0.0369506520255198,0.0503250064309911,"All staff","Vaccination"
6,0.0453684176180566,0.0393845771416791,0.0520866162810012,"All staff","Vaccination"
8,0.0440165554477997,0.0377893049316294,0.0509543003447036,"All staff","Vaccination"
10,0.04258884752584,0.0362985461397973,0.0494960253102267,"All staff","Vaccination"
