"scenario","val","lower","upper","group","inter"
2,0.0271927919892269,0.0180961368346505,0.0367002478842875,"All staff","Vaccination"
4,0.0818517572206172,0.0734258585771758,0.0900406441761247,"All staff","Vaccination"
6,0.06655296892527,0.0580109268438476,0.0752697683910671,"All staff","Vaccination"
8,0.0665554355802785,0.0577235042351569,0.0757017410884639,"All staff","Vaccination"
10,0.0859984062915793,0.0773334271398317,0.0943803495351221,"All staff","Vaccination"
