"scenario","val","lower","upper","pval","group","inter"
2,0.0743943510356687,0.0593490724707272,0.0891853043060232,4.60363219661581e-21,"Patients","Vaccination"
4,0.124192975911856,0.109984520776669,0.137942532460714,5.36233082227664e-54,"Patients","Vaccination"
6,0.155679674800961,0.141902788076385,0.169355473965349,4.38801012468687e-79,"Patients","Vaccination"
