"scenario","val","lower","upper","group","inter"
2,0.0594189241416386,0.0502250294439278,0.067297843226757,"Care assistants","Vaccination"
4,0.0952094866605289,0.0869948375235986,0.103214392034556,"Care assistants","Vaccination"
6,0.108160339100352,0.100086086898169,0.116100518668836,"Care assistants","Vaccination"
8,0.108370599226392,0.100891834422043,0.116111791751125,"Care assistants","Vaccination"
10,0.119018800800712,0.110930545788529,0.126923188951297,"Care assistants","Vaccination"
