"scenario","val","lower","upper","group","inter"
2,0.0331751373587357,0.0240263015380253,0.0420260190027848,"Patients","Vaccination"
4,0.0985714159416832,0.0896734922865373,0.107205150267749,"Patients","Vaccination"
6,0.11737509205842,0.109090211977645,0.125805842710128,"Patients","Vaccination"
8,0.124478773169105,0.11606645870569,0.132802408304355,"Patients","Vaccination"
10,0.143115698535102,0.134541782588907,0.151681140969223,"Patients","Vaccination"
