"scenario","val","lower","upper","group","inter"
2,0.042894950978455,0.0366706291390695,0.0491691817449561,"Patients","Vaccination"
4,0.0953252942711283,0.0894631624953494,0.101129074455817,"Patients","Vaccination"
6,0.105657752966775,0.0996826207543486,0.111537718599933,"Patients","Vaccination"
8,0.0974296343410218,0.0915767826268823,0.103297583154906,"Patients","Vaccination"
10,0.093990331675516,0.0882465900741946,0.0997914452665596,"Patients","Vaccination"
