"scenario","val","lower","upper","group","inter"
2,0.0530788612545423,0.0378362097092459,0.0693802290934686,"Patients","Vaccination"
4,0.090871161874902,0.0758075109458299,0.105534343939184,"Patients","Vaccination"
6,0.115376885613795,0.100035188772933,0.129360526587017,"Patients","Vaccination"
8,0.122194605863075,0.107803998641096,0.136323967894389,"Patients","Vaccination"
10,0.119667232070424,0.103495452641176,0.135374647346448,"Patients","Vaccination"
