"scenario","val","lower","upper","group","inter"
2,0.0102440211959982,-0.00446188573243675,0.0250180875644983,"All staff","Vaccination"
4,0.048871117301398,0.0342154879068538,0.0638533803180789,"All staff","Vaccination"
6,-0.0035485752788471,-0.018818435223587,0.0105640674948427,"All staff","Vaccination"
