"scenario","val","lower","upper","group","inter"
2,0.0930252908684469,0.0845513268324608,0.101254026986371,"Patients","Vaccination"
4,0.166636606720671,0.159041970877406,0.173943968175246,"Patients","Vaccination"
6,0.226670031957676,0.219718363005881,0.2340122314636,"Patients","Vaccination"
8,0.232775810935021,0.225915378187749,0.23956301115706,"Patients","Vaccination"
10,0.256927035096617,0.250047210690953,0.263811858595983,"Patients","Vaccination"
