"scenario","val","lower","upper","group","inter"
2,0.0473187162473996,0.0379078888862152,0.057012151848832,"Patients","Vaccination"
4,0.047628095282017,0.037890148596598,0.0572364923951774,"Patients","Vaccination"
6,0.111497018877588,0.10177464079865,0.121151938628375,"Patients","Vaccination"
8,0.0951678073918868,0.08549846353287,0.104714034477626,"Patients","Vaccination"
10,0.100859347037384,0.0912582875359317,0.110172028449658,"Patients","Vaccination"
