"scenario","val","lower","upper","group","inter"
2,0.0049328848057041,-0.00794515635787707,0.0178605706509,"Patients","Vaccination"
4,0.0667315956623549,0.0512463933234162,0.0808525458249011,"Patients","Vaccination"
6,0.062451669379054,0.0480944908322739,0.0761698181028358,"Patients","Vaccination"
8,0.0654191765572741,0.0499294286225281,0.0790841696415565,"Patients","Vaccination"
10,0.0577246490848454,0.0417280482394358,0.071739546425876,"Patients","Vaccination"
