"scenario","val","lower","upper","group","inter"
2,0.00820178380890724,-0.00875275505038025,0.0249764188936741,"All staff","Vaccination"
4,0.0741402943203975,0.0561875844704883,0.0909792334168343,"All staff","Vaccination"
6,0.126097535277724,0.110736377590711,0.14164249615463,"All staff","Vaccination"
8,0.0674328343485951,0.0512784115491874,0.083327934283238,"All staff","Vaccination"
10,0.133589592338791,0.117633225525156,0.149983970149233,"All staff","Vaccination"
