"scenario","val","lower","upper","pval","group","inter"
2,-0.0231211424799244,-0.0374664235175938,-0.00898364434671144,0.00111310012922026,"Patients","Vaccination"
4,-0.00544774771523437,-0.0205575289228148,0.00843246237349938,0.435772531134351,"Patients","Vaccination"
6,-0.00834396697062972,-0.0223022868290003,0.00462870969706847,0.206446446700235,"Patients","Vaccination"
