"scenario","val","lower","upper","group","inter"
2,-0.00395331494564227,-0.0154187586272429,0.00694639114671317,"Patients","Vaccination"
4,0.0396791291823695,0.0272852953572915,0.0516305476779207,"Patients","Vaccination"
6,-0.00758625091342276,-0.0195890559759601,0.00303318851626028,"Patients","Vaccination"
8,-0.0962129758723826,-0.108297331046042,-0.0842214462921848,"Patients","Vaccination"
10,-0.102585908082798,-0.11456361375945,-0.0909544669640409,"Patients","Vaccination"
