"scenario","val","lower","upper","group","inter"
2,0.011365936546047,3.33099134285575e-05,0.0231351282218799,"All staff","Vaccination"
4,0.0274357807114661,0.0160811159038306,0.0386219414213607,"All staff","Vaccination"
6,0.0250513699810881,0.0139207476764064,0.0366545298102375,"All staff","Vaccination"
8,0.0119242796472927,1.11380376067855e-05,0.023843669520365,"All staff","Vaccination"
10,0.0171093974207517,0.00603357346513515,0.0286547282192404,"All staff","Vaccination"
